timestamp	start_id	iteration	loss_total	loss_naturalness	loss_epidemiology	loss_sparsity	config_json	error_type	error_details_json
1778044797.373	0	1	0.753134	0.813736	0.662230	0.000000	"{""adhd_hyperactive_impulsive.cognitive.conflict_tendency"": 0.2145241193509786, ""adhd_hyperactive_impulsive.cognitive.impulse_override"": 0.2916807012507463, ""adhd_hyperactive_impulsive.cognitive.plan_consistency"": -0.5069372475784822, ""adhd_hyperactive_impulsive.emotional.anger"": 0.13328733594758033, ""adhd_hyperactive_impulsive.emotional.excitement"": 0.1569890950956006, ""adhd_inattentive.cognitive.att_bandwidth"": -2, ""adhd_inattentive.cognitive.plan_consistency"": -0.39436185835386744, ""adhd_inattentive.cognitive.retention"": -2, ""adhd_inattentive.cognitive.task_initiation_delay"": 0.4738600641585868, ""adhd_inattentive.emotional.frustration"": 0.21864495772686976, ""adhd_inattentive.emotional.self_esteem"": -0.27815555231390454, ""adhd_inattentive.emotional.shame"": 0.12394889745653352, ""base_cognitive.att_bandwidth"": 4, ""base_cognitive.conflict_tendency"": 0.08314432612041356, ""base_cognitive.importance_trigger"": 117.14242976624334, ""base_cognitive.impulse_override"": 0.03922456585543567, ""base_cognitive.plan_consistency"": 0.7779075857050288, ""base_cognitive.recency_decay"": 0.9911232574963975, ""base_cognitive.retention"": 4, ""base_cognitive.social_sensitivity"": 0.46360996012450495, ""base_cognitive.task_initiation_delay"": 0.07406677446676758, ""base_cognitive.vision_r"": 3, ""base_emotional.anger"": 0.10224224748599764, ""base_emotional.anxiety"": 0.08024591614079615, ""base_emotional.excitement"": 0.2574029419383605, ""base_emotional.frustration"": 0.05476740192226754, ""base_emotional.loneliness"": 0.09734940755263355, ""base_emotional.self_esteem"": 0.6839039641923318, ""base_emotional.shame"": 0.041243428783391094, ""base_emotional.trust_in_teacher"": 0.7253312433975591}"		
1778044798.199	0	2	0.667546	0.675301	0.655913	0.000000	"{""adhd_hyperactive_impulsive.cognitive.conflict_tendency"": 0.2025321498305001, ""adhd_hyperactive_impulsive.cognitive.impulse_override"": 0.350526276156654, ""adhd_hyperactive_impulsive.cognitive.plan_consistency"": -0.40963593730828973, ""adhd_hyperactive_impulsive.emotional.anger"": 0.12928232624521127, ""adhd_hyperactive_impulsive.emotional.excitement"": 0.19524674322955904, ""adhd_inattentive.cognitive.att_bandwidth"": -3, ""adhd_inattentive.cognitive.plan_consistency"": -0.37397475499216676, ""adhd_inattentive.cognitive.retention"": -4, ""adhd_inattentive.cognitive.task_initiation_delay"": 0.3906820604736871, ""adhd_inattentive.emotional.frustration"": 0.22843435546329754, ""adhd_inattentive.emotional.self_esteem"": -0.28960398096132134, ""adhd_inattentive.emotional.shame"": 0.12439811457341272, ""base_cognitive.att_bandwidth"": 3, ""base_cognitive.conflict_tendency"": 0.05638604532663836, ""base_cognitive.importance_trigger"": 103.0415310046168, ""base_cognitive.impulse_override"": 0.04123435465678884, ""base_cognitive.plan_consistency"": 0.8418849759343685, ""base_cognitive.recency_decay"": 0.9839678130083301, ""base_cognitive.retention"": 6, ""base_cognitive.social_sensitivity"": 0.32364005942353746, ""base_cognitive.task_initiation_delay"": 0.092229537202816, ""base_cognitive.vision_r"": 4, ""base_emotional.anger"": 0.053074630830799184, ""base_emotional.anxiety"": 0.09701255340170695, ""base_emotional.excitement"": 0.24918949778515653, ""base_emotional.frustration"": 0.14429596992416652, ""base_emotional.loneliness"": 0.03834661785884891, ""base_emotional.self_esteem"": 0.7970443041321515, ""base_emotional.shame"": 0.1362542097524168, ""base_emotional.trust_in_teacher"": 0.743267085197173}"		
1778044798.865	0	3	0.588264	0.582780	0.596491	0.000000	"{""adhd_hyperactive_impulsive.cognitive.conflict_tendency"": 0.1394112412784403, ""adhd_hyperactive_impulsive.cognitive.impulse_override"": 0.28699412615409753, ""adhd_hyperactive_impulsive.cognitive.plan_consistency"": -0.43772637316736984, ""adhd_hyperactive_impulsive.emotional.anger"": 0.19599617872906028, ""adhd_hyperactive_impulsive.emotional.excitement"": 0.23467343254037154, ""adhd_inattentive.cognitive.att_bandwidth"": -2, ""adhd_inattentive.cognitive.plan_consistency"": -0.31891226694102404, ""adhd_inattentive.cognitive.retention"": -4, ""adhd_inattentive.cognitive.task_initiation_delay"": 0.37912638021213285, ""adhd_inattentive.emotional.frustration"": 0.23889118666627066, ""adhd_inattentive.emotional.self_esteem"": -0.30497037169533103, ""adhd_inattentive.emotional.shame"": 0.16882777788810982, ""base_cognitive.att_bandwidth"": 4, ""base_cognitive.conflict_tendency"": 0.10585667281708286, ""base_cognitive.importance_trigger"": 126.56188092303535, ""base_cognitive.impulse_override"": 0.08759997838686835, ""base_cognitive.plan_consistency"": 0.947904670127319, ""base_cognitive.recency_decay"": 0.9824510374064289, ""base_cognitive.retention"": 4, ""base_cognitive.social_sensitivity"": 0.5053842752969624, ""base_cognitive.task_initiation_delay"": 0.05569497437746462, ""base_cognitive.vision_r"": 5, ""base_emotional.anger"": 0.06785436576708984, ""base_emotional.anxiety"": 0.05417303170752491, ""base_emotional.excitement"": 0.18164742653794896, ""base_emotional.frustration"": 0.16639998673193673, ""base_emotional.loneliness"": 0.062128905117084327, ""base_emotional.self_esteem"": 0.7752735252945337, ""base_emotional.shame"": 0.05748576863569252, ""base_emotional.trust_in_teacher"": 0.7857274285837637}"		
1778044799.549	0	4	0.568225	0.508151	0.658335	0.000000	"{""adhd_hyperactive_impulsive.cognitive.conflict_tendency"": 0.1004867974152594, ""adhd_hyperactive_impulsive.cognitive.impulse_override"": 0.29402501929711394, ""adhd_hyperactive_impulsive.cognitive.plan_consistency"": -0.5183684491310661, ""adhd_hyperactive_impulsive.emotional.anger"": 0.2138719679702884, ""adhd_hyperactive_impulsive.emotional.excitement"": 0.20795210033288863, ""adhd_inattentive.cognitive.att_bandwidth"": -1, ""adhd_inattentive.cognitive.plan_consistency"": -0.42708965140326266, ""adhd_inattentive.cognitive.retention"": -2, ""adhd_inattentive.cognitive.task_initiation_delay"": 0.4769576900258218, ""adhd_inattentive.emotional.frustration"": 0.21761411394690927, ""adhd_inattentive.emotional.self_esteem"": -0.2921701695847223, ""adhd_inattentive.emotional.shame"": 0.2152898098986169, ""base_cognitive.att_bandwidth"": 3, ""base_cognitive.conflict_tendency"": 0.04439838015502052, ""base_cognitive.importance_trigger"": 109.68322214235991, ""base_cognitive.impulse_override"": 0.0980203941780364, ""base_cognitive.plan_consistency"": 0.8487031669779261, ""base_cognitive.recency_decay"": 0.9949598866698374, ""base_cognitive.retention"": 4, ""base_cognitive.social_sensitivity"": 0.3458523958044783, ""base_cognitive.task_initiation_delay"": 0.08611029096666659, ""base_cognitive.vision_r"": 4, ""base_emotional.anger"": 0.10150661140333536, ""base_emotional.anxiety"": 0.10001975051768501, ""base_emotional.excitement"": 0.18771211799727197, ""base_emotional.frustration"": 0.15207218202444908, ""base_emotional.loneliness"": 0.08616598653416127, ""base_emotional.self_esteem"": 0.788486172275962, ""base_emotional.shame"": 0.10156908368783686, ""base_emotional.trust_in_teacher"": 0.688306474053822}"		
1778044800.380	0	5	0.579059	0.512701	0.678597	0.000000	"{""adhd_hyperactive_impulsive.cognitive.conflict_tendency"": 0.21487516439604815, ""adhd_hyperactive_impulsive.cognitive.impulse_override"": 0.26038187777025756, ""adhd_hyperactive_impulsive.cognitive.plan_consistency"": -0.39787956694855364, ""adhd_hyperactive_impulsive.emotional.anger"": 0.13669089038496915, ""adhd_hyperactive_impulsive.emotional.excitement"": 0.1712923567148097, ""adhd_inattentive.cognitive.att_bandwidth"": -2, ""adhd_inattentive.cognitive.plan_consistency"": -0.4384149667011625, ""adhd_inattentive.cognitive.retention"": -4, ""adhd_inattentive.cognitive.task_initiation_delay"": 0.47560191984080813, ""adhd_inattentive.emotional.frustration"": 0.24310342788873923, ""adhd_inattentive.emotional.self_esteem"": -0.26738162123617565, ""adhd_inattentive.emotional.shame"": 0.11284801781018182, ""base_cognitive.att_bandwidth"": 4, ""base_cognitive.conflict_tendency"": 0.09862597200676361, ""base_cognitive.importance_trigger"": 160.93629988857367, ""base_cognitive.impulse_override"": 0.08750545453794045, ""base_cognitive.plan_consistency"": 0.8096889582897265, ""base_cognitive.recency_decay"": 0.9936894175901723, ""base_cognitive.retention"": 6, ""base_cognitive.social_sensitivity"": 0.3458517805648904, ""base_cognitive.task_initiation_delay"": 0.06089702114381723, ""base_cognitive.vision_r"": 3, ""base_emotional.anger"": 0.03006862753535322, ""base_emotional.anxiety"": 0.11894597738537308, ""base_emotional.excitement"": 0.15292151135787485, ""base_emotional.frustration"": 0.13090685451794387, ""base_emotional.loneliness"": 0.06889872684056077, ""base_emotional.self_esteem"": 0.7757443755646369, ""base_emotional.shame"": 0.12343517743566698, ""base_emotional.trust_in_teacher"": 0.7822746540661543}"		
1778044801.127	0	6	0.707567	0.776081	0.604797	0.000000	"{""adhd_hyperactive_impulsive.cognitive.conflict_tendency"": 0.1771234179712884, ""adhd_hyperactive_impulsive.cognitive.impulse_override"": 0.25471194370795275, ""adhd_hyperactive_impulsive.cognitive.plan_consistency"": -0.4839143021839003, ""adhd_hyperactive_impulsive.emotional.anger"": 0.1562020443153911, ""adhd_hyperactive_impulsive.emotional.excitement"": 0.1728121748725736, ""adhd_inattentive.cognitive.att_bandwidth"": -1, ""adhd_inattentive.cognitive.plan_consistency"": -0.3323119771179298, ""adhd_inattentive.cognitive.retention"": -4, ""adhd_inattentive.cognitive.task_initiation_delay"": 0.3014381677970187, ""adhd_inattentive.emotional.frustration"": 0.21201932305129903, ""adhd_inattentive.emotional.self_esteem"": -0.3385419442212477, ""adhd_inattentive.emotional.shame"": 0.10883106503144852, ""base_cognitive.att_bandwidth"": 4, ""base_cognitive.conflict_tendency"": 0.09416540755372096, ""base_cognitive.importance_trigger"": 142.46157422378403, ""base_cognitive.impulse_override"": 0.11360221437019591, ""base_cognitive.plan_consistency"": 0.942872581201491, ""base_cognitive.recency_decay"": 0.9879151068112738, ""base_cognitive.retention"": 5, ""base_cognitive.social_sensitivity"": 0.5069602896298864, ""base_cognitive.task_initiation_delay"": 0.07552651966358055, ""base_cognitive.vision_r"": 3, ""base_emotional.anger"": 0.13795369015715345, ""base_emotional.anxiety"": 0.0985446653288082, ""base_emotional.excitement"": 0.18718584204990119, ""base_emotional.frustration"": 0.10984884499961438, ""base_emotional.loneliness"": 0.08417833696693557, ""base_emotional.self_esteem"": 0.6042068520014118, ""base_emotional.shame"": 0.11060243515659396, ""base_emotional.trust_in_teacher"": 0.5660064740815862}"		
1778044801.945	0	7	0.742703	0.809233	0.642909	0.000000	"{""adhd_hyperactive_impulsive.cognitive.conflict_tendency"": 0.16646961175801855, ""adhd_hyperactive_impulsive.cognitive.impulse_override"": 0.2874709671823151, ""adhd_hyperactive_impulsive.cognitive.plan_consistency"": -0.36534688014479744, ""adhd_hyperactive_impulsive.emotional.anger"": 0.23197538361903797, ""adhd_hyperactive_impulsive.emotional.excitement"": 0.18254879686747721, ""adhd_inattentive.cognitive.att_bandwidth"": -2, ""adhd_inattentive.cognitive.plan_consistency"": -0.40026873321594286, ""adhd_inattentive.cognitive.retention"": -4, ""adhd_inattentive.cognitive.task_initiation_delay"": 0.3380417816881623, ""adhd_inattentive.emotional.frustration"": 0.17831976121830714, ""adhd_inattentive.emotional.self_esteem"": -0.3026473254066201, ""adhd_inattentive.emotional.shame"": 0.1632822459751606, ""base_cognitive.att_bandwidth"": 4, ""base_cognitive.conflict_tendency"": 0.0387237732805941, ""base_cognitive.importance_trigger"": 139.97301653276992, ""base_cognitive.impulse_override"": 0.1006157481861678, ""base_cognitive.plan_consistency"": 0.8445342052623588, ""base_cognitive.recency_decay"": 0.99403271360871, ""base_cognitive.retention"": 6, ""base_cognitive.social_sensitivity"": 0.3571229743085633, ""base_cognitive.task_initiation_delay"": 0.08074969977666435, ""base_cognitive.vision_r"": 3, ""base_emotional.anger"": 0.11748910193518207, ""base_emotional.anxiety"": 0.11071320684476775, ""base_emotional.excitement"": 0.2976247817048949, ""base_emotional.frustration"": 0.11465767736095664, ""base_emotional.loneliness"": 0.11080374567519619, ""base_emotional.self_esteem"": 0.6805242564204538, ""base_emotional.shame"": 0.08082943476239049, ""base_emotional.trust_in_teacher"": 0.5746044677879898}"		
1778044802.688	0	8	0.720282	0.802810	0.596491	0.000000	"{""adhd_hyperactive_impulsive.cognitive.conflict_tendency"": 0.14704072146545938, ""adhd_hyperactive_impulsive.cognitive.impulse_override"": 0.36036057681835654, ""adhd_hyperactive_impulsive.cognitive.plan_consistency"": -0.5378084857046969, ""adhd_hyperactive_impulsive.emotional.anger"": 0.12651850384431396, ""adhd_hyperactive_impulsive.emotional.excitement"": 0.17151827756634025, ""adhd_inattentive.cognitive.att_bandwidth"": -1, ""adhd_inattentive.cognitive.plan_consistency"": -0.31762573760985097, ""adhd_inattentive.cognitive.retention"": -2, ""adhd_inattentive.cognitive.task_initiation_delay"": 0.3973342823308659, ""adhd_inattentive.emotional.frustration"": 0.14468672274479283, ""adhd_inattentive.emotional.self_esteem"": -0.3400578403587591, ""adhd_inattentive.emotional.shame"": 0.13265513476212626, ""base_cognitive.att_bandwidth"": 2, ""base_cognitive.conflict_tendency"": 0.049237256927926354, ""base_cognitive.importance_trigger"": 167.82973800993258, ""base_cognitive.impulse_override"": 0.10638261609728748, ""base_cognitive.plan_consistency"": 0.9352733966016255, ""base_cognitive.recency_decay"": 0.9925404137761993, ""base_cognitive.retention"": 6, ""base_cognitive.social_sensitivity"": 0.44569233763521554, ""base_cognitive.task_initiation_delay"": 0.0166311110603914, ""base_cognitive.vision_r"": 5, ""base_emotional.anger"": 0.14823706125356712, ""base_emotional.anxiety"": 0.0992665054669991, ""base_emotional.excitement"": 0.2676105902922854, ""base_emotional.frustration"": 0.1101560438824179, ""base_emotional.loneliness"": 0.061824366980658234, ""base_emotional.self_esteem"": 0.6846014971980325, ""base_emotional.shame"": 0.03703624799666147, ""base_emotional.trust_in_teacher"": 0.6637520918347859}"		
1778044803.386	0	9	0.549967	0.498370	0.627363	0.000000	"{""adhd_hyperactive_impulsive.cognitive.conflict_tendency"": 0.1108814671739736, ""adhd_hyperactive_impulsive.cognitive.impulse_override"": 0.2974265794407781, ""adhd_hyperactive_impulsive.cognitive.plan_consistency"": -0.39962710151711955, ""adhd_hyperactive_impulsive.emotional.anger"": 0.1795771179404162, ""adhd_hyperactive_impulsive.emotional.excitement"": 0.24976816612816635, ""adhd_inattentive.cognitive.att_bandwidth"": -3, ""adhd_inattentive.cognitive.plan_consistency"": -0.306761639842117, ""adhd_inattentive.cognitive.retention"": -2, ""adhd_inattentive.cognitive.task_initiation_delay"": 0.3477371905231692, ""adhd_inattentive.emotional.frustration"": 0.17145216008286307, ""adhd_inattentive.emotional.self_esteem"": -0.2990004964342104, ""adhd_inattentive.emotional.shame"": 0.2007535334439957, ""base_cognitive.att_bandwidth"": 4, ""base_cognitive.conflict_tendency"": 0.04078979525524118, ""base_cognitive.importance_trigger"": 105.60780256684109, ""base_cognitive.impulse_override"": 0.0835531595805025, ""base_cognitive.plan_consistency"": 0.7871649921961447, ""base_cognitive.recency_decay"": 0.9944116835491168, ""base_cognitive.retention"": 4, ""base_cognitive.social_sensitivity"": 0.3705611685002793, ""base_cognitive.task_initiation_delay"": 0.06752125536040902, ""base_cognitive.vision_r"": 3, ""base_emotional.anger"": 0.10432578123985237, ""base_emotional.anxiety"": 0.12728748995934736, ""base_emotional.excitement"": 0.2375508433936837, ""base_emotional.frustration"": 0.18354309711941563, ""base_emotional.loneliness"": 0.0803069898403047, ""base_emotional.self_esteem"": 0.7869412515472854, ""base_emotional.shame"": 0.05954584173463498, ""base_emotional.trust_in_teacher"": 0.6806956788829898}"		
1778044804.121	0	10	0.714647	0.793417	0.596491	0.000000	"{""adhd_hyperactive_impulsive.cognitive.conflict_tendency"": 0.2076418280708197, ""adhd_hyperactive_impulsive.cognitive.impulse_override"": 0.2908522318472225, ""adhd_hyperactive_impulsive.cognitive.plan_consistency"": -0.4290340345939552, ""adhd_hyperactive_impulsive.emotional.anger"": 0.1464676506025689, ""adhd_hyperactive_impulsive.emotional.excitement"": 0.19513569383276197, ""adhd_inattentive.cognitive.att_bandwidth"": -1, ""adhd_inattentive.cognitive.plan_consistency"": -0.2622139992145792, ""adhd_inattentive.cognitive.retention"": -4, ""adhd_inattentive.cognitive.task_initiation_delay"": 0.32685822287867355, ""adhd_inattentive.emotional.frustration"": 0.13500572715448328, ""adhd_inattentive.emotional.self_esteem"": -0.2559519810495813, ""adhd_inattentive.emotional.shame"": 0.11605539665641265, ""base_cognitive.att_bandwidth"": 2, ""base_cognitive.conflict_tendency"": 0.044197214912150874, ""base_cognitive.importance_trigger"": 118.5640290325281, ""base_cognitive.impulse_override"": 0.10927777563177955, ""base_cognitive.plan_consistency"": 0.9366518755987417, ""base_cognitive.recency_decay"": 0.9831973146840056, ""base_cognitive.retention"": 6, ""base_cognitive.social_sensitivity"": 0.41085812662166515, ""base_cognitive.task_initiation_delay"": 0.08792702424845428, ""base_cognitive.vision_r"": 3, ""base_emotional.anger"": 0.14846796763578052, ""base_emotional.anxiety"": 0.12951810954437354, ""base_emotional.excitement"": 0.1511734660728237, ""base_emotional.frustration"": 0.17506174319597106, ""base_emotional.loneliness"": 0.10847715812528791, ""base_emotional.self_esteem"": 0.6598757504399956, ""base_emotional.shame"": 0.11442479101048451, ""base_emotional.trust_in_teacher"": 0.7542760337788654}"		
1778044804.849	0	11	0.741104	0.776605	0.687853	0.000000	"{""adhd_hyperactive_impulsive.cognitive.conflict_tendency"": 0.21941834573320626, ""adhd_hyperactive_impulsive.cognitive.impulse_override"": 0.29623875248952003, ""adhd_hyperactive_impulsive.cognitive.plan_consistency"": -0.370203702251482, ""adhd_hyperactive_impulsive.emotional.anger"": 0.23189133566011735, ""adhd_hyperactive_impulsive.emotional.excitement"": 0.23483869547897118, ""adhd_inattentive.cognitive.att_bandwidth"": -1, ""adhd_inattentive.cognitive.plan_consistency"": -0.34088194215889556, ""adhd_inattentive.cognitive.retention"": -4, ""adhd_inattentive.cognitive.task_initiation_delay"": 0.4669190039772033, ""adhd_inattentive.emotional.frustration"": 0.19572624364367322, ""adhd_inattentive.emotional.self_esteem"": -0.3283342617220364, ""adhd_inattentive.emotional.shame"": 0.1222140678351224, ""base_cognitive.att_bandwidth"": 3, ""base_cognitive.conflict_tendency"": 0.06002008847445793, ""base_cognitive.importance_trigger"": 163.57113323530004, ""base_cognitive.impulse_override"": 0.08708560025782747, ""base_cognitive.plan_consistency"": 0.7601597787325062, ""base_cognitive.recency_decay"": 0.9837668187810484, ""base_cognitive.retention"": 5, ""base_cognitive.social_sensitivity"": 0.313226028539715, ""base_cognitive.task_initiation_delay"": 0.08293480893722194, ""base_cognitive.vision_r"": 5, ""base_emotional.anger"": 0.08302026142330207, ""base_emotional.anxiety"": 0.0710056569156052, ""base_emotional.excitement"": 0.23413602971621195, ""base_emotional.frustration"": 0.06962294910525535, ""base_emotional.loneliness"": 0.11468009361119888, ""base_emotional.self_esteem"": 0.7890101878093279, ""base_emotional.shame"": 0.1475757544594603, ""base_emotional.trust_in_teacher"": 0.5779684701473338}"		
1778044805.494	0	12	0.726319	0.801280	0.613877	0.000000	"{""adhd_hyperactive_impulsive.cognitive.conflict_tendency"": 0.13336505763184966, ""adhd_hyperactive_impulsive.cognitive.impulse_override"": 0.38082501743591346, ""adhd_hyperactive_impulsive.cognitive.plan_consistency"": -0.37828134973244365, ""adhd_hyperactive_impulsive.emotional.anger"": 0.22615625872760076, ""adhd_hyperactive_impulsive.emotional.excitement"": 0.16904548520184132, ""adhd_inattentive.cognitive.att_bandwidth"": -2, ""adhd_inattentive.cognitive.plan_consistency"": -0.2771871943249441, ""adhd_inattentive.cognitive.retention"": -2, ""adhd_inattentive.cognitive.task_initiation_delay"": 0.4621498633148778, ""adhd_inattentive.emotional.frustration"": 0.15468474224728135, ""adhd_inattentive.emotional.self_esteem"": -0.33162374351149726, ""adhd_inattentive.emotional.shame"": 0.21810617637032068, ""base_cognitive.att_bandwidth"": 2, ""base_cognitive.conflict_tendency"": 0.11331874403126009, ""base_cognitive.importance_trigger"": 124.75750442302328, ""base_cognitive.impulse_override"": 0.1087241451186982, ""base_cognitive.plan_consistency"": 0.8619767038287739, ""base_cognitive.recency_decay"": 0.9900040011595331, ""base_cognitive.retention"": 4, ""base_cognitive.social_sensitivity"": 0.5248432833430617, ""base_cognitive.task_initiation_delay"": 0.0973837022637289, ""base_cognitive.vision_r"": 5, ""base_emotional.anger"": 0.05124628443844575, ""base_emotional.anxiety"": 0.15398531388789657, ""base_emotional.excitement"": 0.17690409951273103, ""base_emotional.frustration"": 0.08551059983440382, ""base_emotional.loneliness"": 0.07947532924245568, ""base_emotional.self_esteem"": 0.7564772992295263, ""base_emotional.shame"": 0.04950021205205263, ""base_emotional.trust_in_teacher"": 0.7811218238103864}"		
1778044806.157	0	13	0.647078	0.615519	0.694416	0.000000	"{""adhd_hyperactive_impulsive.cognitive.conflict_tendency"": 0.18648820652448994, ""adhd_hyperactive_impulsive.cognitive.impulse_override"": 0.3267134589504217, ""adhd_hyperactive_impulsive.cognitive.plan_consistency"": -0.4729609133310546, ""adhd_hyperactive_impulsive.emotional.anger"": 0.15311392579801564, ""adhd_hyperactive_impulsive.emotional.excitement"": 0.2063177925751256, ""adhd_inattentive.cognitive.att_bandwidth"": -2, ""adhd_inattentive.cognitive.plan_consistency"": -0.4283194905570578, ""adhd_inattentive.cognitive.retention"": -4, ""adhd_inattentive.cognitive.task_initiation_delay"": 0.3869127517129289, ""adhd_inattentive.emotional.frustration"": 0.21471085788485156, ""adhd_inattentive.emotional.self_esteem"": -0.24694449493795562, ""adhd_inattentive.emotional.shame"": 0.1470515971292487, ""base_cognitive.att_bandwidth"": 3, ""base_cognitive.conflict_tendency"": 0.0877333564746865, ""base_cognitive.importance_trigger"": 113.5190851829396, ""base_cognitive.impulse_override"": 0.10779176478272577, ""base_cognitive.plan_consistency"": 0.8156523902395413, ""base_cognitive.recency_decay"": 0.9803549665205218, ""base_cognitive.retention"": 4, ""base_cognitive.social_sensitivity"": 0.3837374978165614, ""base_cognitive.task_initiation_delay"": 0.09668891040483613, ""base_cognitive.vision_r"": 3, ""base_emotional.anger"": 0.14270845683896588, ""base_emotional.anxiety"": 0.11970804522223386, ""base_emotional.excitement"": 0.2955600916533342, ""base_emotional.frustration"": 0.10995175765400914, ""base_emotional.loneliness"": 0.04384101022217131, ""base_emotional.self_esteem"": 0.7925068631523111, ""base_emotional.shame"": 0.14773796246379123, ""base_emotional.trust_in_teacher"": 0.5946419540431159}"		
1778044806.886	0	14	0.671706	0.691524	0.641981	0.000000	"{""adhd_hyperactive_impulsive.cognitive.conflict_tendency"": 0.22505877539560862, ""adhd_hyperactive_impulsive.cognitive.impulse_override"": 0.3353657882298714, ""adhd_hyperactive_impulsive.cognitive.plan_consistency"": -0.46878496624836746, ""adhd_hyperactive_impulsive.emotional.anger"": 0.159503743404886, ""adhd_hyperactive_impulsive.emotional.excitement"": 0.1315274027323963, ""adhd_inattentive.cognitive.att_bandwidth"": -1, ""adhd_inattentive.cognitive.plan_consistency"": -0.4116319814019705, ""adhd_inattentive.cognitive.retention"": -4, ""adhd_inattentive.cognitive.task_initiation_delay"": 0.4329858868425543, ""adhd_inattentive.emotional.frustration"": 0.16928888602593042, ""adhd_inattentive.emotional.self_esteem"": -0.3204153516543095, ""adhd_inattentive.emotional.shame"": 0.21222018402383352, ""base_cognitive.att_bandwidth"": 2, ""base_cognitive.conflict_tendency"": 0.11286937705962362, ""base_cognitive.importance_trigger"": 165.81841842782873, ""base_cognitive.impulse_override"": 0.04773316161915609, ""base_cognitive.plan_consistency"": 0.89740753869806, ""base_cognitive.recency_decay"": 0.9903028572037179, ""base_cognitive.retention"": 6, ""base_cognitive.social_sensitivity"": 0.5846623457913942, ""base_cognitive.task_initiation_delay"": 0.04312973996249869, ""base_cognitive.vision_r"": 5, ""base_emotional.anger"": 0.13800562021165097, ""base_emotional.anxiety"": 0.06620129103636781, ""base_emotional.excitement"": 0.25003393561585946, ""base_emotional.frustration"": 0.1434733114919614, ""base_emotional.loneliness"": 0.0908547004842323, ""base_emotional.self_esteem"": 0.7394416828388799, ""base_emotional.shame"": 0.10960649715186531, ""base_emotional.trust_in_teacher"": 0.63154572621435}"		
1778044807.690	0	15	0.613398	0.591228	0.646654	0.000000	"{""adhd_hyperactive_impulsive.cognitive.conflict_tendency"": 0.1291652855109564, ""adhd_hyperactive_impulsive.cognitive.impulse_override"": 0.3121661516496579, ""adhd_hyperactive_impulsive.cognitive.plan_consistency"": -0.42404692385245724, ""adhd_hyperactive_impulsive.emotional.anger"": 0.21052605256376564, ""adhd_hyperactive_impulsive.emotional.excitement"": 0.17415657535156553, ""adhd_inattentive.cognitive.att_bandwidth"": -3, ""adhd_inattentive.cognitive.plan_consistency"": -0.44511492245463474, ""adhd_inattentive.cognitive.retention"": -4, ""adhd_inattentive.cognitive.task_initiation_delay"": 0.34896850881567004, ""adhd_inattentive.emotional.frustration"": 0.18176772474844466, ""adhd_inattentive.emotional.self_esteem"": -0.33761920103862325, ""adhd_inattentive.emotional.shame"": 0.22746065419370978, ""base_cognitive.att_bandwidth"": 4, ""base_cognitive.conflict_tendency"": 0.09623653013461995, ""base_cognitive.importance_trigger"": 130.92502117865672, ""base_cognitive.impulse_override"": 0.07600565971871284, ""base_cognitive.plan_consistency"": 0.88512544663802, ""base_cognitive.recency_decay"": 0.984833738446048, ""base_cognitive.retention"": 6, ""base_cognitive.social_sensitivity"": 0.5879496011049108, ""base_cognitive.task_initiation_delay"": 0.0793735399106002, ""base_cognitive.vision_r"": 5, ""base_emotional.anger"": 0.10431129664348505, ""base_emotional.anxiety"": 0.13630099871964985, ""base_emotional.excitement"": 0.29279994936787124, ""base_emotional.frustration"": 0.14882761174976328, ""base_emotional.loneliness"": 0.04120646400906752, ""base_emotional.self_esteem"": 0.6620838928589831, ""base_emotional.shame"": 0.06405436859916329, ""base_emotional.trust_in_teacher"": 0.608717149631671}"		
1778044808.439	0	16	0.684249	0.719304	0.631665	0.000000	"{""adhd_hyperactive_impulsive.cognitive.conflict_tendency"": 0.16688704181150507, ""adhd_hyperactive_impulsive.cognitive.impulse_override"": 0.31401111352879835, ""adhd_hyperactive_impulsive.cognitive.plan_consistency"": -0.3686290539087773, ""adhd_hyperactive_impulsive.emotional.anger"": 0.1406905279805899, ""adhd_hyperactive_impulsive.emotional.excitement"": 0.22922423646748935, ""adhd_inattentive.cognitive.att_bandwidth"": -1, ""adhd_inattentive.cognitive.plan_consistency"": -0.3865404085069305, ""adhd_inattentive.cognitive.retention"": -2, ""adhd_inattentive.cognitive.task_initiation_delay"": 0.4510500027111559, ""adhd_inattentive.emotional.frustration"": 0.17753454528484344, ""adhd_inattentive.emotional.self_esteem"": -0.19835654962202692, ""adhd_inattentive.emotional.shame"": 0.22225097609975258, ""base_cognitive.att_bandwidth"": 2, ""base_cognitive.conflict_tendency"": 0.10236988705558286, ""base_cognitive.importance_trigger"": 162.48618783479566, ""base_cognitive.impulse_override"": 0.10969186849588793, ""base_cognitive.plan_consistency"": 0.9220881130845042, ""base_cognitive.recency_decay"": 0.9903143361962078, ""base_cognitive.retention"": 6, ""base_cognitive.social_sensitivity"": 0.3656523410436958, ""base_cognitive.task_initiation_delay"": 0.0778420406767325, ""base_cognitive.vision_r"": 3, ""base_emotional.anger"": 0.14009640173465282, ""base_emotional.anxiety"": 0.1224627532243414, ""base_emotional.excitement"": 0.17000086583355434, ""base_emotional.frustration"": 0.15438676646123578, ""base_emotional.loneliness"": 0.044563031902726126, ""base_emotional.self_esteem"": 0.7062263771711177, ""base_emotional.shame"": 0.08574598614891026, ""base_emotional.trust_in_teacher"": 0.6661608093745592}"		
1778044809.094	0	17	0.734698	0.803486	0.631517	0.000000	"{""adhd_hyperactive_impulsive.cognitive.conflict_tendency"": 0.10292979351065908, ""adhd_hyperactive_impulsive.cognitive.impulse_override"": 0.36546936584719947, ""adhd_hyperactive_impulsive.cognitive.plan_consistency"": -0.36078759328197985, ""adhd_hyperactive_impulsive.emotional.anger"": 0.23448536745851706, ""adhd_hyperactive_impulsive.emotional.excitement"": 0.18635355202151205, ""adhd_inattentive.cognitive.att_bandwidth"": -2, ""adhd_inattentive.cognitive.plan_consistency"": -0.3838237217923833, ""adhd_inattentive.cognitive.retention"": -3, ""adhd_inattentive.cognitive.task_initiation_delay"": 0.3931848606702301, ""adhd_inattentive.emotional.frustration"": 0.1280945423758661, ""adhd_inattentive.emotional.self_esteem"": -0.28378894184661996, ""adhd_inattentive.emotional.shame"": 0.22493367540107315, ""base_cognitive.att_bandwidth"": 3, ""base_cognitive.conflict_tendency"": 0.09421903763499508, ""base_cognitive.importance_trigger"": 119.41179471915183, ""base_cognitive.impulse_override"": 0.073613731536324, ""base_cognitive.plan_consistency"": 0.9055349670667943, ""base_cognitive.recency_decay"": 0.9925979433176289, ""base_cognitive.retention"": 4, ""base_cognitive.social_sensitivity"": 0.4319617779794708, ""base_cognitive.task_initiation_delay"": 0.02392458638146329, ""base_cognitive.vision_r"": 4, ""base_emotional.anger"": 0.03966931891892021, ""base_emotional.anxiety"": 0.16609348826274117, ""base_emotional.excitement"": 0.2074552938647007, ""base_emotional.frustration"": 0.08517403670219531, ""base_emotional.loneliness"": 0.048099678961570386, ""base_emotional.self_esteem"": 0.6427905754211974, ""base_emotional.shame"": 0.07030170439455767, ""base_emotional.trust_in_teacher"": 0.588201316644287}"		
1778044809.816	0	18	0.592477	0.589801	0.596491	0.000000	"{""adhd_hyperactive_impulsive.cognitive.conflict_tendency"": 0.2300277033392695, ""adhd_hyperactive_impulsive.cognitive.impulse_override"": 0.26259211932430004, ""adhd_hyperactive_impulsive.cognitive.plan_consistency"": -0.46427744606778104, ""adhd_hyperactive_impulsive.emotional.anger"": 0.14362477344674618, ""adhd_hyperactive_impulsive.emotional.excitement"": 0.1390234470878957, ""adhd_inattentive.cognitive.att_bandwidth"": -2, ""adhd_inattentive.cognitive.plan_consistency"": -0.25385560449621536, ""adhd_inattentive.cognitive.retention"": -4, ""adhd_inattentive.cognitive.task_initiation_delay"": 0.4068247259065009, ""adhd_inattentive.emotional.frustration"": 0.23790075213627987, ""adhd_inattentive.emotional.self_esteem"": -0.2372900413378526, ""adhd_inattentive.emotional.shame"": 0.18878391634418662, ""base_cognitive.att_bandwidth"": 3, ""base_cognitive.conflict_tendency"": 0.10198813538471409, ""base_cognitive.importance_trigger"": 127.29906536446032, ""base_cognitive.impulse_override"": 0.10521558037185605, ""base_cognitive.plan_consistency"": 0.9283283083937024, ""base_cognitive.recency_decay"": 0.9844791897855857, ""base_cognitive.retention"": 5, ""base_cognitive.social_sensitivity"": 0.5203902182269073, ""base_cognitive.task_initiation_delay"": 0.053822056761023154, ""base_cognitive.vision_r"": 3, ""base_emotional.anger"": 0.08827703925582003, ""base_emotional.anxiety"": 0.08548159052922336, ""base_emotional.excitement"": 0.25033104309343757, ""base_emotional.frustration"": 0.18467170210987932, ""base_emotional.loneliness"": 0.07666286438953536, ""base_emotional.self_esteem"": 0.7448362755254578, ""base_emotional.shame"": 0.08858753730603006, ""base_emotional.trust_in_teacher"": 0.7495355811050473}"		
1778044810.560	0	19	0.730609	0.801836	0.623769	0.000000	"{""adhd_hyperactive_impulsive.cognitive.conflict_tendency"": 0.13843655448432798, ""adhd_hyperactive_impulsive.cognitive.impulse_override"": 0.3921635533324978, ""adhd_hyperactive_impulsive.cognitive.plan_consistency"": -0.4569932033129559, ""adhd_hyperactive_impulsive.emotional.anger"": 0.16795637266198238, ""adhd_hyperactive_impulsive.emotional.excitement"": 0.1908839038840467, ""adhd_inattentive.cognitive.att_bandwidth"": -3, ""adhd_inattentive.cognitive.plan_consistency"": -0.2821542307430804, ""adhd_inattentive.cognitive.retention"": -4, ""adhd_inattentive.cognitive.task_initiation_delay"": 0.4242671313172316, ""adhd_inattentive.emotional.frustration"": 0.15101084244555776, ""adhd_inattentive.emotional.self_esteem"": -0.33055379416141784, ""adhd_inattentive.emotional.shame"": 0.17103415914191922, ""base_cognitive.att_bandwidth"": 3, ""base_cognitive.conflict_tendency"": 0.03737156094854783, ""base_cognitive.importance_trigger"": 153.2860795525819, ""base_cognitive.impulse_override"": 0.09768088411993063, ""base_cognitive.plan_consistency"": 0.8258252431128272, ""base_cognitive.recency_decay"": 0.9849026870732196, ""base_cognitive.retention"": 5, ""base_cognitive.social_sensitivity"": 0.37568145953471416, ""base_cognitive.task_initiation_delay"": 0.08319242851552727, ""base_cognitive.vision_r"": 3, ""base_emotional.anger"": 0.07199524124642206, ""base_emotional.anxiety"": 0.1799880177061972, ""base_emotional.excitement"": 0.26718495744163423, ""base_emotional.frustration"": 0.05290749305750161, ""base_emotional.loneliness"": 0.108017291189985, ""base_emotional.self_esteem"": 0.7508466408119052, ""base_emotional.shame"": 0.09473028575070404, ""base_emotional.trust_in_teacher"": 0.7129386638109724}"		
1778044811.243	0	20	0.729553	0.804713	0.616812	0.000000	"{""adhd_hyperactive_impulsive.cognitive.conflict_tendency"": 0.19713148810852077, ""adhd_hyperactive_impulsive.cognitive.impulse_override"": 0.3492282011031034, ""adhd_hyperactive_impulsive.cognitive.plan_consistency"": -0.536208652696072, ""adhd_hyperactive_impulsive.emotional.anger"": 0.1216447795215609, ""adhd_hyperactive_impulsive.emotional.excitement"": 0.16300881112627413, ""adhd_inattentive.cognitive.att_bandwidth"": -1, ""adhd_inattentive.cognitive.plan_consistency"": -0.2888944072707667, ""adhd_inattentive.cognitive.retention"": -2, ""adhd_inattentive.cognitive.task_initiation_delay"": 0.4592454433200424, ""adhd_inattentive.emotional.frustration"": 0.19357123219775108, ""adhd_inattentive.emotional.self_esteem"": -0.25943330829721495, ""adhd_inattentive.emotional.shame"": 0.10616036953092042, ""base_cognitive.att_bandwidth"": 4, ""base_cognitive.conflict_tendency"": 0.11172235359427, ""base_cognitive.importance_trigger"": 111.46360671170395, ""base_cognitive.impulse_override"": 0.08208162592583192, ""base_cognitive.plan_consistency"": 0.8122077839197199, ""base_cognitive.recency_decay"": 0.9916668782926314, ""base_cognitive.retention"": 4, ""base_cognitive.social_sensitivity"": 0.47273901852372424, ""base_cognitive.task_initiation_delay"": 0.09288871684071216, ""base_cognitive.vision_r"": 5, ""base_emotional.anger"": 0.10105174334998226, ""base_emotional.anxiety"": 0.07578287102192299, ""base_emotional.excitement"": 0.18642740708056982, ""base_emotional.frustration"": 0.10629604391379778, ""base_emotional.loneliness"": 0.1296685960536382, ""base_emotional.self_esteem"": 0.6603165370975334, ""base_emotional.shame"": 0.14297647182495715, ""base_emotional.trust_in_teacher"": 0.724298250623943}"		
1778044811.968	0	21	0.722704	0.806846	0.596491	0.000000	"{""adhd_hyperactive_impulsive.cognitive.conflict_tendency"": 0.12727597857365378, ""adhd_hyperactive_impulsive.cognitive.impulse_override"": 0.25430499966551345, ""adhd_hyperactive_impulsive.cognitive.plan_consistency"": -0.37980943273750817, ""adhd_hyperactive_impulsive.emotional.anger"": 0.14757558052336606, ""adhd_hyperactive_impulsive.emotional.excitement"": 0.21967485352421448, ""adhd_inattentive.cognitive.att_bandwidth"": -3, ""adhd_inattentive.cognitive.plan_consistency"": -0.2736737631994456, ""adhd_inattentive.cognitive.retention"": -3, ""adhd_inattentive.cognitive.task_initiation_delay"": 0.3487726878381912, ""adhd_inattentive.emotional.frustration"": 0.18041210065842012, ""adhd_inattentive.emotional.self_esteem"": -0.2855718182981951, ""adhd_inattentive.emotional.shame"": 0.1915497556345781, ""base_cognitive.att_bandwidth"": 3, ""base_cognitive.conflict_tendency"": 0.11689263581142699, ""base_cognitive.importance_trigger"": 144.49095742710122, ""base_cognitive.impulse_override"": 0.09365777793354692, ""base_cognitive.plan_consistency"": 0.9157414622004916, ""base_cognitive.recency_decay"": 0.9944118135082187, ""base_cognitive.retention"": 5, ""base_cognitive.social_sensitivity"": 0.5201385912040175, ""base_cognitive.task_initiation_delay"": 0.04354871450076771, ""base_cognitive.vision_r"": 3, ""base_emotional.anger"": 0.08801970046598354, ""base_emotional.anxiety"": 0.11996247783827325, ""base_emotional.excitement"": 0.2596539321457683, ""base_emotional.frustration"": 0.09051235945811013, ""base_emotional.loneliness"": 0.08226893916046732, ""base_emotional.self_esteem"": 0.7703426320038664, ""base_emotional.shame"": 0.12698390625681072, ""base_emotional.trust_in_teacher"": 0.6170988845123064}"		
1778044812.789	0	22	0.611211	0.552659	0.699039	0.000000	"{""adhd_hyperactive_impulsive.cognitive.conflict_tendency"": 0.14063746404642946, ""adhd_hyperactive_impulsive.cognitive.impulse_override"": 0.2996186945793895, ""adhd_hyperactive_impulsive.cognitive.plan_consistency"": -0.4094290115628462, ""adhd_hyperactive_impulsive.emotional.anger"": 0.15268247790612238, ""adhd_hyperactive_impulsive.emotional.excitement"": 0.11809838271284588, ""adhd_inattentive.cognitive.att_bandwidth"": -2, ""adhd_inattentive.cognitive.plan_consistency"": -0.33368888293352655, ""adhd_inattentive.cognitive.retention"": -2, ""adhd_inattentive.cognitive.task_initiation_delay"": 0.39465209775190496, ""adhd_inattentive.emotional.frustration"": 0.1890198510489498, ""adhd_inattentive.emotional.self_esteem"": -0.22319097575868635, ""adhd_inattentive.emotional.shame"": 0.16382557190578223, ""base_cognitive.att_bandwidth"": 3, ""base_cognitive.conflict_tendency"": 0.07397200621639086, ""base_cognitive.importance_trigger"": 119.33880030293295, ""base_cognitive.impulse_override"": 0.1153256319999328, ""base_cognitive.plan_consistency"": 0.7520302228877355, ""base_cognitive.recency_decay"": 0.9905177562549831, ""base_cognitive.retention"": 6, ""base_cognitive.social_sensitivity"": 0.5160223992312583, ""base_cognitive.task_initiation_delay"": 0.008561296195802126, ""base_cognitive.vision_r"": 4, ""base_emotional.anger"": 0.08889856020943034, ""base_emotional.anxiety"": 0.1339673769663238, ""base_emotional.excitement"": 0.16395800258320076, ""base_emotional.frustration"": 0.16372469802237, ""base_emotional.loneliness"": 0.1251519441758781, ""base_emotional.self_esteem"": 0.7383574310590404, ""base_emotional.shame"": 0.11287312073358276, ""base_emotional.trust_in_teacher"": 0.6053991001181326}"		
1778044813.403	0	23	0.668255	0.676656	0.655654	0.000000	"{""adhd_hyperactive_impulsive.cognitive.conflict_tendency"": 0.1018398105063262, ""adhd_hyperactive_impulsive.cognitive.impulse_override"": 0.3629188263686881, ""adhd_hyperactive_impulsive.cognitive.plan_consistency"": -0.5294824706424479, ""adhd_hyperactive_impulsive.emotional.anger"": 0.1569641125278294, ""adhd_hyperactive_impulsive.emotional.excitement"": 0.1718071312909597, ""adhd_inattentive.cognitive.att_bandwidth"": -3, ""adhd_inattentive.cognitive.plan_consistency"": -0.44089685980335636, ""adhd_inattentive.cognitive.retention"": -3, ""adhd_inattentive.cognitive.task_initiation_delay"": 0.31090520404779753, ""adhd_inattentive.emotional.frustration"": 0.15797776379186107, ""adhd_inattentive.emotional.self_esteem"": -0.24156215863199232, ""adhd_inattentive.emotional.shame"": 0.2416134422193611, ""base_cognitive.att_bandwidth"": 2, ""base_cognitive.conflict_tendency"": 0.08306282153647118, ""base_cognitive.importance_trigger"": 166.56142922754043, ""base_cognitive.impulse_override"": 0.047238687570949026, ""base_cognitive.plan_consistency"": 0.8880327108281103, ""base_cognitive.recency_decay"": 0.9911432159545865, ""base_cognitive.retention"": 4, ""base_cognitive.social_sensitivity"": 0.38294988809060676, ""base_cognitive.task_initiation_delay"": 0.07386046535089506, ""base_cognitive.vision_r"": 4, ""base_emotional.anger"": 0.12991540359924814, ""base_emotional.anxiety"": 0.1774663819601267, ""base_emotional.excitement"": 0.20413216037240794, ""base_emotional.frustration"": 0.16403118430596242, ""base_emotional.loneliness"": 0.06554957559181734, ""base_emotional.self_esteem"": 0.7416036971422063, ""base_emotional.shame"": 0.10161488886147621, ""base_emotional.trust_in_teacher"": 0.6255668971951089}"		
1778044814.057	0	24	0.652935	0.664650	0.635363	0.000000	"{""adhd_hyperactive_impulsive.cognitive.conflict_tendency"": 0.10903454565588114, ""adhd_hyperactive_impulsive.cognitive.impulse_override"": 0.3143244754210639, ""adhd_hyperactive_impulsive.cognitive.plan_consistency"": -0.43627410587515336, ""adhd_hyperactive_impulsive.emotional.anger"": 0.24481414106645888, ""adhd_hyperactive_impulsive.emotional.excitement"": 0.11488503621621823, ""adhd_inattentive.cognitive.att_bandwidth"": -1, ""adhd_inattentive.cognitive.plan_consistency"": -0.29486129206035655, ""adhd_inattentive.cognitive.retention"": -4, ""adhd_inattentive.cognitive.task_initiation_delay"": 0.3760756052293099, ""adhd_inattentive.emotional.frustration"": 0.23810556909109448, ""adhd_inattentive.emotional.self_esteem"": -0.2499507264174125, ""adhd_inattentive.emotional.shame"": 0.14460296987760812, ""base_cognitive.att_bandwidth"": 3, ""base_cognitive.conflict_tendency"": 0.09178059164304149, ""base_cognitive.importance_trigger"": 160.32060752392593, ""base_cognitive.impulse_override"": 0.035880909160253924, ""base_cognitive.plan_consistency"": 0.7728174281449849, ""base_cognitive.recency_decay"": 0.9837871758573946, ""base_cognitive.retention"": 4, ""base_cognitive.social_sensitivity"": 0.4731063469412454, ""base_cognitive.task_initiation_delay"": 0.049174656029106804, ""base_cognitive.vision_r"": 3, ""base_emotional.anger"": 0.0402217090075476, ""base_emotional.anxiety"": 0.17338633350654406, ""base_emotional.excitement"": 0.23371095519264426, ""base_emotional.frustration"": 0.07275905104264346, ""base_emotional.loneliness"": 0.059782914625213936, ""base_emotional.self_esteem"": 0.7192253690820051, ""base_emotional.shame"": 0.1273370491530057, ""base_emotional.trust_in_teacher"": 0.6540435053525822}"		
1778044814.670	0	25	0.729235	0.777439	0.656931	0.000000	"{""adhd_hyperactive_impulsive.cognitive.conflict_tendency"": 0.11071147552837213, ""adhd_hyperactive_impulsive.cognitive.impulse_override"": 0.3862617167818909, ""adhd_hyperactive_impulsive.cognitive.plan_consistency"": -0.3846737680699881, ""adhd_hyperactive_impulsive.emotional.anger"": 0.1415699625986942, ""adhd_hyperactive_impulsive.emotional.excitement"": 0.1461417718921349, ""adhd_inattentive.cognitive.att_bandwidth"": -1, ""adhd_inattentive.cognitive.plan_consistency"": -0.3177633914293264, ""adhd_inattentive.cognitive.retention"": -2, ""adhd_inattentive.cognitive.task_initiation_delay"": 0.48673369168910263, ""adhd_inattentive.emotional.frustration"": 0.17526806559354752, ""adhd_inattentive.emotional.self_esteem"": -0.23990209702157828, ""adhd_inattentive.emotional.shame"": 0.1816843568065868, ""base_cognitive.att_bandwidth"": 2, ""base_cognitive.conflict_tendency"": 0.0920434022206292, ""base_cognitive.importance_trigger"": 105.6831225826889, ""base_cognitive.impulse_override"": 0.0796793021019983, ""base_cognitive.plan_consistency"": 0.7979730355349385, ""base_cognitive.recency_decay"": 0.9839696918793501, ""base_cognitive.retention"": 4, ""base_cognitive.social_sensitivity"": 0.422555271798008, ""base_cognitive.task_initiation_delay"": 0.015653261544313814, ""base_cognitive.vision_r"": 5, ""base_emotional.anger"": 0.06392620477347452, ""base_emotional.anxiety"": 0.08745363564717962, ""base_emotional.excitement"": 0.1606769640230219, ""base_emotional.frustration"": 0.1204868718511529, ""base_emotional.loneliness"": 0.1331528077608627, ""base_emotional.self_esteem"": 0.65291092513178, ""base_emotional.shame"": 0.033916782645710915, ""base_emotional.trust_in_teacher"": 0.6083559515400064}"		
1778044815.432	0	26	0.730104	0.806716	0.615186	0.000000	"{""adhd_hyperactive_impulsive.cognitive.conflict_tendency"": 0.23741091818901514, ""adhd_hyperactive_impulsive.cognitive.impulse_override"": 0.32057512348774503, ""adhd_hyperactive_impulsive.cognitive.plan_consistency"": -0.41969810211326275, ""adhd_hyperactive_impulsive.emotional.anger"": 0.14359358913900636, ""adhd_hyperactive_impulsive.emotional.excitement"": 0.18779944379167818, ""adhd_inattentive.cognitive.att_bandwidth"": -1, ""adhd_inattentive.cognitive.plan_consistency"": -0.25008551662450973, ""adhd_inattentive.cognitive.retention"": -4, ""adhd_inattentive.cognitive.task_initiation_delay"": 0.43445631686064784, ""adhd_inattentive.emotional.frustration"": 0.155036433375717, ""adhd_inattentive.emotional.self_esteem"": -0.2214342988298653, ""adhd_inattentive.emotional.shame"": 0.10603475097169243, ""base_cognitive.att_bandwidth"": 4, ""base_cognitive.conflict_tendency"": 0.06939829772144382, ""base_cognitive.importance_trigger"": 132.80885791933133, ""base_cognitive.impulse_override"": 0.0662257667246525, ""base_cognitive.plan_consistency"": 0.8108182381089534, ""base_cognitive.recency_decay"": 0.986587301730106, ""base_cognitive.retention"": 5, ""base_cognitive.social_sensitivity"": 0.4619944687794042, ""base_cognitive.task_initiation_delay"": 0.027224619314426313, ""base_cognitive.vision_r"": 5, ""base_emotional.anger"": 0.10244563691350927, ""base_emotional.anxiety"": 0.14548941002713, ""base_emotional.excitement"": 0.18433866235827404, ""base_emotional.frustration"": 0.13970549930616555, ""base_emotional.loneliness"": 0.03310378708660025, ""base_emotional.self_esteem"": 0.7721033745634542, ""base_emotional.shame"": 0.13673074671509444, ""base_emotional.trust_in_teacher"": 0.7185745917930428}"		
1778044816.099	0	27	0.600965	0.580185	0.632135	0.000000	"{""adhd_hyperactive_impulsive.cognitive.conflict_tendency"": 0.21399858040915254, ""adhd_hyperactive_impulsive.cognitive.impulse_override"": 0.3634664731083361, ""adhd_hyperactive_impulsive.cognitive.plan_consistency"": -0.4249182515709982, ""adhd_hyperactive_impulsive.emotional.anger"": 0.1464625709855356, ""adhd_hyperactive_impulsive.emotional.excitement"": 0.18238294586279974, ""adhd_inattentive.cognitive.att_bandwidth"": -1, ""adhd_inattentive.cognitive.plan_consistency"": -0.3184679227033742, ""adhd_inattentive.cognitive.retention"": -4, ""adhd_inattentive.cognitive.task_initiation_delay"": 0.408518718871439, ""adhd_inattentive.emotional.frustration"": 0.17372218420391178, ""adhd_inattentive.emotional.self_esteem"": -0.2884975089442152, ""adhd_inattentive.emotional.shame"": 0.12813738120917906, ""base_cognitive.att_bandwidth"": 4, ""base_cognitive.conflict_tendency"": 0.0745922118867904, ""base_cognitive.importance_trigger"": 128.5843665401011, ""base_cognitive.impulse_override"": 0.039413989612430166, ""base_cognitive.plan_consistency"": 0.8142116511913143, ""base_cognitive.recency_decay"": 0.9870501559244053, ""base_cognitive.retention"": 4, ""base_cognitive.social_sensitivity"": 0.42349352693633807, ""base_cognitive.task_initiation_delay"": 0.016082485265883552, ""base_cognitive.vision_r"": 4, ""base_emotional.anger"": 0.03440365563764504, ""base_emotional.anxiety"": 0.1488649703674954, ""base_emotional.excitement"": 0.18785982764133113, ""base_emotional.frustration"": 0.14938753054871434, ""base_emotional.loneliness"": 0.04056717513309463, ""base_emotional.self_esteem"": 0.7545095852079616, ""base_emotional.shame"": 0.07805427057763877, ""base_emotional.trust_in_teacher"": 0.5789804003577395}"		
1778044816.906	0	28	0.658153	0.681840	0.622622	0.000000	"{""adhd_hyperactive_impulsive.cognitive.conflict_tendency"": 0.189906639801235, ""adhd_hyperactive_impulsive.cognitive.impulse_override"": 0.27169629527284134, ""adhd_hyperactive_impulsive.cognitive.plan_consistency"": -0.5118779258104144, ""adhd_hyperactive_impulsive.emotional.anger"": 0.2170180309140117, ""adhd_hyperactive_impulsive.emotional.excitement"": 0.12047625168862969, ""adhd_inattentive.cognitive.att_bandwidth"": -2, ""adhd_inattentive.cognitive.plan_consistency"": -0.3089176740148293, ""adhd_inattentive.cognitive.retention"": -2, ""adhd_inattentive.cognitive.task_initiation_delay"": 0.38309806858707063, ""adhd_inattentive.emotional.frustration"": 0.1827249450045213, ""adhd_inattentive.emotional.self_esteem"": -0.2723462996355067, ""adhd_inattentive.emotional.shame"": 0.17083296728551117, ""base_cognitive.att_bandwidth"": 3, ""base_cognitive.conflict_tendency"": 0.03123070180194546, ""base_cognitive.importance_trigger"": 102.02086097091643, ""base_cognitive.impulse_override"": 0.10193823599470235, ""base_cognitive.plan_consistency"": 0.8760044554008121, ""base_cognitive.recency_decay"": 0.98727067695425, ""base_cognitive.retention"": 6, ""base_cognitive.social_sensitivity"": 0.39322504151800053, ""base_cognitive.task_initiation_delay"": 0.07097828251002591, ""base_cognitive.vision_r"": 4, ""base_emotional.anger"": 0.04361533414850939, ""base_emotional.anxiety"": 0.15938273861021462, ""base_emotional.excitement"": 0.2471564533175638, ""base_emotional.frustration"": 0.1111986030934854, ""base_emotional.loneliness"": 0.14364728908312274, ""base_emotional.self_esteem"": 0.786530611986821, ""base_emotional.shame"": 0.05696407913469416, ""base_emotional.trust_in_teacher"": 0.588492781107082}"		
1778044817.591	0	29	0.778953	0.850544	0.671565	0.000000	"{""adhd_hyperactive_impulsive.cognitive.conflict_tendency"": 0.15718467204207043, ""adhd_hyperactive_impulsive.cognitive.impulse_override"": 0.32094643753606217, ""adhd_hyperactive_impulsive.cognitive.plan_consistency"": -0.36731396643607483, ""adhd_hyperactive_impulsive.emotional.anger"": 0.2484938202521171, ""adhd_hyperactive_impulsive.emotional.excitement"": 0.21885904910498954, ""adhd_inattentive.cognitive.att_bandwidth"": -3, ""adhd_inattentive.cognitive.plan_consistency"": -0.40223889116675016, ""adhd_inattentive.cognitive.retention"": -2, ""adhd_inattentive.cognitive.task_initiation_delay"": 0.3765941697859204, ""adhd_inattentive.emotional.frustration"": 0.23128168687835918, ""adhd_inattentive.emotional.self_esteem"": -0.295910024370254, ""adhd_inattentive.emotional.shame"": 0.16161626433243673, ""base_cognitive.att_bandwidth"": 2, ""base_cognitive.conflict_tendency"": 0.08219310454950637, ""base_cognitive.importance_trigger"": 155.1402184035006, ""base_cognitive.impulse_override"": 0.03023087334227195, ""base_cognitive.plan_consistency"": 0.8034345326133809, ""base_cognitive.recency_decay"": 0.9850981286467144, ""base_cognitive.retention"": 5, ""base_cognitive.social_sensitivity"": 0.5512427767819263, ""base_cognitive.task_initiation_delay"": 0.07260509826135325, ""base_cognitive.vision_r"": 4, ""base_emotional.anger"": 0.08812096626620644, ""base_emotional.anxiety"": 0.10805116109561529, ""base_emotional.excitement"": 0.2644309016429969, ""base_emotional.frustration"": 0.14899111295823791, ""base_emotional.loneliness"": 0.06989279468528992, ""base_emotional.self_esteem"": 0.7865704511430522, ""base_emotional.shame"": 0.13383127136402911, ""base_emotional.trust_in_teacher"": 0.6443025135534716}"		
1778044818.370	0	30	0.566421	0.538014	0.609032	0.000000	"{""adhd_hyperactive_impulsive.cognitive.conflict_tendency"": 0.23311580243639848, ""adhd_hyperactive_impulsive.cognitive.impulse_override"": 0.39312093889340144, ""adhd_hyperactive_impulsive.cognitive.plan_consistency"": -0.42464016419840245, ""adhd_hyperactive_impulsive.emotional.anger"": 0.18343317310072327, ""adhd_hyperactive_impulsive.emotional.excitement"": 0.181152401904649, ""adhd_inattentive.cognitive.att_bandwidth"": -1, ""adhd_inattentive.cognitive.plan_consistency"": -0.3705033352228453, ""adhd_inattentive.cognitive.retention"": -2, ""adhd_inattentive.cognitive.task_initiation_delay"": 0.3160630641158898, ""adhd_inattentive.emotional.frustration"": 0.16271352656784932, ""adhd_inattentive.emotional.self_esteem"": -0.25928420689253806, ""adhd_inattentive.emotional.shame"": 0.20115362427310143, ""base_cognitive.att_bandwidth"": 4, ""base_cognitive.conflict_tendency"": 0.038974052796778055, ""base_cognitive.importance_trigger"": 108.8372388866572, ""base_cognitive.impulse_override"": 0.05987952335382274, ""base_cognitive.plan_consistency"": 0.9430707180353707, ""base_cognitive.recency_decay"": 0.9944723665755637, ""base_cognitive.retention"": 5, ""base_cognitive.social_sensitivity"": 0.5535118269331147, ""base_cognitive.task_initiation_delay"": 0.010036460216485233, ""base_cognitive.vision_r"": 3, ""base_emotional.anger"": 0.13451195656190632, ""base_emotional.anxiety"": 0.06874020407570318, ""base_emotional.excitement"": 0.16122423723655632, ""base_emotional.frustration"": 0.18656625165447005, ""base_emotional.loneliness"": 0.14639481528493276, ""base_emotional.self_esteem"": 0.6530045559086818, ""base_emotional.shame"": 0.031841711749831275, ""base_emotional.trust_in_teacher"": 0.7453813228182562}"		
1778044819.043	0	31	0.571241	0.554408	0.596491	0.000000	"{""adhd_hyperactive_impulsive.cognitive.conflict_tendency"": 0.13612446877844697, ""adhd_hyperactive_impulsive.cognitive.impulse_override"": 0.3806259397967282, ""adhd_hyperactive_impulsive.cognitive.plan_consistency"": -0.42605792629251693, ""adhd_hyperactive_impulsive.emotional.anger"": 0.2386677720830621, ""adhd_hyperactive_impulsive.emotional.excitement"": 0.12146765801927645, ""adhd_inattentive.cognitive.att_bandwidth"": -3, ""adhd_inattentive.cognitive.plan_consistency"": -0.343766736370248, ""adhd_inattentive.cognitive.retention"": -4, ""adhd_inattentive.cognitive.task_initiation_delay"": 0.41318561238318735, ""adhd_inattentive.emotional.frustration"": 0.22302753160452393, ""adhd_inattentive.emotional.self_esteem"": -0.3365753803878009, ""adhd_inattentive.emotional.shame"": 0.12549754736021462, ""base_cognitive.att_bandwidth"": 4, ""base_cognitive.conflict_tendency"": 0.0870373045902712, ""base_cognitive.importance_trigger"": 164.46503691462078, ""base_cognitive.impulse_override"": 0.09720897300641343, ""base_cognitive.plan_consistency"": 0.9494851845912431, ""base_cognitive.recency_decay"": 0.9894674152528196, ""base_cognitive.retention"": 4, ""base_cognitive.social_sensitivity"": 0.32953293791495936, ""base_cognitive.task_initiation_delay"": 0.04339714719231257, ""base_cognitive.vision_r"": 3, ""base_emotional.anger"": 0.1384108874460583, ""base_emotional.anxiety"": 0.14022015116312048, ""base_emotional.excitement"": 0.26942151977433176, ""base_emotional.frustration"": 0.18088688489106364, ""base_emotional.loneliness"": 0.035518916241265526, ""base_emotional.self_esteem"": 0.674968217955063, ""base_emotional.shame"": 0.0832414261994047, ""base_emotional.trust_in_teacher"": 0.6233419439913023}"		
1778044819.781	0	32	0.581052	0.556028	0.618588	0.000000	"{""adhd_hyperactive_impulsive.cognitive.conflict_tendency"": 0.14117205702673416, ""adhd_hyperactive_impulsive.cognitive.impulse_override"": 0.3966916726865294, ""adhd_hyperactive_impulsive.cognitive.plan_consistency"": -0.41835403681426386, ""adhd_hyperactive_impulsive.emotional.anger"": 0.19357077220424085, ""adhd_hyperactive_impulsive.emotional.excitement"": 0.20286992391010183, ""adhd_inattentive.cognitive.att_bandwidth"": -2, ""adhd_inattentive.cognitive.plan_consistency"": -0.40255885961448507, ""adhd_inattentive.cognitive.retention"": -4, ""adhd_inattentive.cognitive.task_initiation_delay"": 0.4143845384701478, ""adhd_inattentive.emotional.frustration"": 0.19472555092322386, ""adhd_inattentive.emotional.self_esteem"": -0.29981077183984417, ""adhd_inattentive.emotional.shame"": 0.24890380654403463, ""base_cognitive.att_bandwidth"": 3, ""base_cognitive.conflict_tendency"": 0.03664757102545857, ""base_cognitive.importance_trigger"": 146.67885020865364, ""base_cognitive.impulse_override"": 0.07187279299727714, ""base_cognitive.plan_consistency"": 0.9297817063400642, ""base_cognitive.recency_decay"": 0.986893557487651, ""base_cognitive.retention"": 5, ""base_cognitive.social_sensitivity"": 0.46397944128060853, ""base_cognitive.task_initiation_delay"": 0.02876316657484388, ""base_cognitive.vision_r"": 5, ""base_emotional.anger"": 0.14544348873881302, ""base_emotional.anxiety"": 0.08889005238609039, ""base_emotional.excitement"": 0.21852537190016796, ""base_emotional.frustration"": 0.1917853452401969, ""base_emotional.loneliness"": 0.11283762149521548, ""base_emotional.self_esteem"": 0.7998747131000359, ""base_emotional.shame"": 0.14851820342621658, ""base_emotional.trust_in_teacher"": 0.6255304176345784}"		
1778044820.608	0	33	0.724693	0.801535	0.609431	0.000000	"{""adhd_hyperactive_impulsive.cognitive.conflict_tendency"": 0.13011921919751143, ""adhd_hyperactive_impulsive.cognitive.impulse_override"": 0.29900786885710157, ""adhd_hyperactive_impulsive.cognitive.plan_consistency"": -0.46689938131624453, ""adhd_hyperactive_impulsive.emotional.anger"": 0.22224666543396568, ""adhd_hyperactive_impulsive.emotional.excitement"": 0.2314690895059961, ""adhd_inattentive.cognitive.att_bandwidth"": -3, ""adhd_inattentive.cognitive.plan_consistency"": -0.2922779031979692, ""adhd_inattentive.cognitive.retention"": -3, ""adhd_inattentive.cognitive.task_initiation_delay"": 0.30667290624912646, ""adhd_inattentive.emotional.frustration"": 0.16743196029370105, ""adhd_inattentive.emotional.self_esteem"": -0.19536327190571445, ""adhd_inattentive.emotional.shame"": 0.11971177096307282, ""base_cognitive.att_bandwidth"": 4, ""base_cognitive.conflict_tendency"": 0.049710408503529493, ""base_cognitive.importance_trigger"": 158.2987229771232, ""base_cognitive.impulse_override"": 0.09981668816430427, ""base_cognitive.plan_consistency"": 0.9305869836899551, ""base_cognitive.recency_decay"": 0.9911775823120096, ""base_cognitive.retention"": 6, ""base_cognitive.social_sensitivity"": 0.5405795872635862, ""base_cognitive.task_initiation_delay"": 0.02301183909704163, ""base_cognitive.vision_r"": 3, ""base_emotional.anger"": 0.12209649293945568, ""base_emotional.anxiety"": 0.14822505208641804, ""base_emotional.excitement"": 0.17051688577411483, ""base_emotional.frustration"": 0.07851979839156326, ""base_emotional.loneliness"": 0.11170261130184272, ""base_emotional.self_esteem"": 0.7254916215633461, ""base_emotional.shame"": 0.060075216005233925, ""base_emotional.trust_in_teacher"": 0.5742909824539045}"		
1778044821.406	0	34	0.747709	0.798240	0.671914	0.000000	"{""adhd_hyperactive_impulsive.cognitive.conflict_tendency"": 0.1571538248908713, ""adhd_hyperactive_impulsive.cognitive.impulse_override"": 0.3623517405305141, ""adhd_hyperactive_impulsive.cognitive.plan_consistency"": -0.49756771835005276, ""adhd_hyperactive_impulsive.emotional.anger"": 0.2030114048141088, ""adhd_hyperactive_impulsive.emotional.excitement"": 0.1557210461516076, ""adhd_inattentive.cognitive.att_bandwidth"": -1, ""adhd_inattentive.cognitive.plan_consistency"": -0.43193942488628334, ""adhd_inattentive.cognitive.retention"": -3, ""adhd_inattentive.cognitive.task_initiation_delay"": 0.3789149120657424, ""adhd_inattentive.emotional.frustration"": 0.15437961518581508, ""adhd_inattentive.emotional.self_esteem"": -0.28734043803527337, ""adhd_inattentive.emotional.shame"": 0.11853831051452386, ""base_cognitive.att_bandwidth"": 3, ""base_cognitive.conflict_tendency"": 0.09719034156453404, ""base_cognitive.importance_trigger"": 158.1330833697178, ""base_cognitive.impulse_override"": 0.10422208312881664, ""base_cognitive.plan_consistency"": 0.8013940169126524, ""base_cognitive.recency_decay"": 0.9937023046172254, ""base_cognitive.retention"": 6, ""base_cognitive.social_sensitivity"": 0.5419465481381299, ""base_cognitive.task_initiation_delay"": 0.04818478298737412, ""base_cognitive.vision_r"": 5, ""base_emotional.anger"": 0.04689084180070592, ""base_emotional.anxiety"": 0.17517612807295407, ""base_emotional.excitement"": 0.2790210895348233, ""base_emotional.frustration"": 0.10080728807028294, ""base_emotional.loneliness"": 0.14598002513553024, ""base_emotional.self_esteem"": 0.7959884485563807, ""base_emotional.shame"": 0.04382036489397113, ""base_emotional.trust_in_teacher"": 0.7310541780188796}"		
1778044822.146	0	35	0.555055	0.502999	0.633140	0.000000	"{""adhd_hyperactive_impulsive.cognitive.conflict_tendency"": 0.23281206758493692, ""adhd_hyperactive_impulsive.cognitive.impulse_override"": 0.3381010518322911, ""adhd_hyperactive_impulsive.cognitive.plan_consistency"": -0.4046801698885517, ""adhd_hyperactive_impulsive.emotional.anger"": 0.2051398466741503, ""adhd_hyperactive_impulsive.emotional.excitement"": 0.22505396249444823, ""adhd_inattentive.cognitive.att_bandwidth"": -1, ""adhd_inattentive.cognitive.plan_consistency"": -0.3722708337699715, ""adhd_inattentive.cognitive.retention"": -4, ""adhd_inattentive.cognitive.task_initiation_delay"": 0.37420230309737657, ""adhd_inattentive.emotional.frustration"": 0.24341949989354772, ""adhd_inattentive.emotional.self_esteem"": -0.2581672757770751, ""adhd_inattentive.emotional.shame"": 0.20447259874564494, ""base_cognitive.att_bandwidth"": 4, ""base_cognitive.conflict_tendency"": 0.10414698162514029, ""base_cognitive.importance_trigger"": 161.89643916503965, ""base_cognitive.impulse_override"": 0.11237303178688435, ""base_cognitive.plan_consistency"": 0.8622814764499758, ""base_cognitive.recency_decay"": 0.9803753697446972, ""base_cognitive.retention"": 5, ""base_cognitive.social_sensitivity"": 0.31896511234805863, ""base_cognitive.task_initiation_delay"": 0.022136720007399004, ""base_cognitive.vision_r"": 3, ""base_emotional.anger"": 0.04677324150086653, ""base_emotional.anxiety"": 0.10307846125340366, ""base_emotional.excitement"": 0.19565468765340077, ""base_emotional.frustration"": 0.18640814576418385, ""base_emotional.loneliness"": 0.14355138394583355, ""base_emotional.self_esteem"": 0.6194383997243643, ""base_emotional.shame"": 0.06626282094351002, ""base_emotional.trust_in_teacher"": 0.6731561547445515}"		
1778044822.897	0	36	0.740596	0.803608	0.646077	0.000000	"{""adhd_hyperactive_impulsive.cognitive.conflict_tendency"": 0.11029152292365339, ""adhd_hyperactive_impulsive.cognitive.impulse_override"": 0.2688885827962064, ""adhd_hyperactive_impulsive.cognitive.plan_consistency"": -0.4370844048184073, ""adhd_hyperactive_impulsive.emotional.anger"": 0.21947045886551597, ""adhd_hyperactive_impulsive.emotional.excitement"": 0.13107360555199876, ""adhd_inattentive.cognitive.att_bandwidth"": -1, ""adhd_inattentive.cognitive.plan_consistency"": -0.3216591065533565, ""adhd_inattentive.cognitive.retention"": -4, ""adhd_inattentive.cognitive.task_initiation_delay"": 0.41942919190390904, ""adhd_inattentive.emotional.frustration"": 0.12277646911572818, ""adhd_inattentive.emotional.self_esteem"": -0.30859328748211595, ""adhd_inattentive.emotional.shame"": 0.21801918856819252, ""base_cognitive.att_bandwidth"": 4, ""base_cognitive.conflict_tendency"": 0.09171122389331568, ""base_cognitive.importance_trigger"": 125.93709711141048, ""base_cognitive.impulse_override"": 0.11554996528662842, ""base_cognitive.plan_consistency"": 0.8386766172121403, ""base_cognitive.recency_decay"": 0.9804907443028257, ""base_cognitive.retention"": 5, ""base_cognitive.social_sensitivity"": 0.3298063873818391, ""base_cognitive.task_initiation_delay"": 0.08554501933059547, ""base_cognitive.vision_r"": 4, ""base_emotional.anger"": 0.07777675712932478, ""base_emotional.anxiety"": 0.09662759935760135, ""base_emotional.excitement"": 0.16832395786308957, ""base_emotional.frustration"": 0.13166987922232176, ""base_emotional.loneliness"": 0.052777027459329544, ""base_emotional.self_esteem"": 0.6909434737141035, ""base_emotional.shame"": 0.14734110353424562, ""base_emotional.trust_in_teacher"": 0.7620082971159203}"		
1778044823.592	0	37	0.575492	0.523367	0.653680	0.000000	"{""adhd_hyperactive_impulsive.cognitive.conflict_tendency"": 0.16780081298631283, ""adhd_hyperactive_impulsive.cognitive.impulse_override"": 0.3043058460726268, ""adhd_hyperactive_impulsive.cognitive.plan_consistency"": -0.4312667964263946, ""adhd_hyperactive_impulsive.emotional.anger"": 0.14880146833437705, ""adhd_hyperactive_impulsive.emotional.excitement"": 0.19226602544266547, ""adhd_inattentive.cognitive.att_bandwidth"": -2, ""adhd_inattentive.cognitive.plan_consistency"": -0.42464829125744397, ""adhd_inattentive.cognitive.retention"": -4, ""adhd_inattentive.cognitive.task_initiation_delay"": 0.3841921113820158, ""adhd_inattentive.emotional.frustration"": 0.13477440988225106, ""adhd_inattentive.emotional.self_esteem"": -0.2737932135741197, ""adhd_inattentive.emotional.shame"": 0.10953370572207044, ""base_cognitive.att_bandwidth"": 2, ""base_cognitive.conflict_tendency"": 0.07861939111768362, ""base_cognitive.importance_trigger"": 155.20506279943265, ""base_cognitive.impulse_override"": 0.05495473613781146, ""base_cognitive.plan_consistency"": 0.8691963270348839, ""base_cognitive.recency_decay"": 0.9916155286670723, ""base_cognitive.retention"": 5, ""base_cognitive.social_sensitivity"": 0.5962581913098517, ""base_cognitive.task_initiation_delay"": 0.0984028131847739, ""base_cognitive.vision_r"": 3, ""base_emotional.anger"": 0.0458163875474277, ""base_emotional.anxiety"": 0.16263822550588414, ""base_emotional.excitement"": 0.2682647301680575, ""base_emotional.frustration"": 0.16977707353364357, ""base_emotional.loneliness"": 0.07298907350598394, ""base_emotional.self_esteem"": 0.6031562167022321, ""base_emotional.shame"": 0.043191161746732265, ""base_emotional.trust_in_teacher"": 0.6972132305126106}"		
1778044824.415	0	38	0.613463	0.558019	0.696629	0.000000	"{""adhd_hyperactive_impulsive.cognitive.conflict_tendency"": 0.19820694362847133, ""adhd_hyperactive_impulsive.cognitive.impulse_override"": 0.36896441396524693, ""adhd_hyperactive_impulsive.cognitive.plan_consistency"": -0.5271171855139841, ""adhd_hyperactive_impulsive.emotional.anger"": 0.23410180769834782, ""adhd_hyperactive_impulsive.emotional.excitement"": 0.18270028425846985, ""adhd_inattentive.cognitive.att_bandwidth"": -1, ""adhd_inattentive.cognitive.plan_consistency"": -0.3738191202362958, ""adhd_inattentive.cognitive.retention"": -3, ""adhd_inattentive.cognitive.task_initiation_delay"": 0.4194783710398627, ""adhd_inattentive.emotional.frustration"": 0.15833670697348567, ""adhd_inattentive.emotional.self_esteem"": -0.276866114609984, ""adhd_inattentive.emotional.shame"": 0.17583266117285207, ""base_cognitive.att_bandwidth"": 4, ""base_cognitive.conflict_tendency"": 0.039716564671130446, ""base_cognitive.importance_trigger"": 145.03384789438422, ""base_cognitive.impulse_override"": 0.11987280795803942, ""base_cognitive.plan_consistency"": 0.7562301279020688, ""base_cognitive.recency_decay"": 0.9845244549354213, ""base_cognitive.retention"": 6, ""base_cognitive.social_sensitivity"": 0.4278820857839975, ""base_cognitive.task_initiation_delay"": 0.08472985431672428, ""base_cognitive.vision_r"": 5, ""base_emotional.anger"": 0.06865341836955913, ""base_emotional.anxiety"": 0.16690467946605952, ""base_emotional.excitement"": 0.1689287382457584, ""base_emotional.frustration"": 0.15686019723456446, ""base_emotional.loneliness"": 0.04780005907924374, ""base_emotional.self_esteem"": 0.7170729377096242, ""base_emotional.shame"": 0.08322747952356103, ""base_emotional.trust_in_teacher"": 0.706079373570302}"		
1778044825.117	0	39	0.726681	0.806507	0.606942	0.000000	"{""adhd_hyperactive_impulsive.cognitive.conflict_tendency"": 0.21254263753772173, ""adhd_hyperactive_impulsive.cognitive.impulse_override"": 0.3030397119450652, ""adhd_hyperactive_impulsive.cognitive.plan_consistency"": -0.41693189599941693, ""adhd_hyperactive_impulsive.emotional.anger"": 0.23285197935297844, ""adhd_hyperactive_impulsive.emotional.excitement"": 0.20815910181192243, ""adhd_inattentive.cognitive.att_bandwidth"": -2, ""adhd_inattentive.cognitive.plan_consistency"": -0.33872585287692997, ""adhd_inattentive.cognitive.retention"": -4, ""adhd_inattentive.cognitive.task_initiation_delay"": 0.4172930165478954, ""adhd_inattentive.emotional.frustration"": 0.19300623381896942, ""adhd_inattentive.emotional.self_esteem"": -0.3292206814897249, ""adhd_inattentive.emotional.shame"": 0.14944689721243076, ""base_cognitive.att_bandwidth"": 2, ""base_cognitive.conflict_tendency"": 0.0581271214027681, ""base_cognitive.importance_trigger"": 128.96694998238394, ""base_cognitive.impulse_override"": 0.0658857165831258, ""base_cognitive.plan_consistency"": 0.9154838449560089, ""base_cognitive.recency_decay"": 0.9933213653298274, ""base_cognitive.retention"": 5, ""base_cognitive.social_sensitivity"": 0.3937645049991399, ""base_cognitive.task_initiation_delay"": 0.07296125076345043, ""base_cognitive.vision_r"": 4, ""base_emotional.anger"": 0.08691214627069233, ""base_emotional.anxiety"": 0.13928673461070698, ""base_emotional.excitement"": 0.16280465359974292, ""base_emotional.frustration"": 0.08823346947241689, ""base_emotional.loneliness"": 0.04094697460392584, ""base_emotional.self_esteem"": 0.7489177938383759, ""base_emotional.shame"": 0.144431102114295, ""base_emotional.trust_in_teacher"": 0.6579691296379351}"		
1778044825.875	0	40	0.579253	0.513181	0.678363	0.000000	"{""adhd_hyperactive_impulsive.cognitive.conflict_tendency"": 0.15097369851658876, ""adhd_hyperactive_impulsive.cognitive.impulse_override"": 0.35540481592984074, ""adhd_hyperactive_impulsive.cognitive.plan_consistency"": -0.488203062234018, ""adhd_hyperactive_impulsive.emotional.anger"": 0.12079375262247563, ""adhd_hyperactive_impulsive.emotional.excitement"": 0.23047940598046573, ""adhd_inattentive.cognitive.att_bandwidth"": -1, ""adhd_inattentive.cognitive.plan_consistency"": -0.4447492337092833, ""adhd_inattentive.cognitive.retention"": -2, ""adhd_inattentive.cognitive.task_initiation_delay"": 0.4858168581989873, ""adhd_inattentive.emotional.frustration"": 0.22782990269475617, ""adhd_inattentive.emotional.self_esteem"": -0.3193292677666547, ""adhd_inattentive.emotional.shame"": 0.1401171587731166, ""base_cognitive.att_bandwidth"": 3, ""base_cognitive.conflict_tendency"": 0.10608360767412105, ""base_cognitive.importance_trigger"": 140.45429628728985, ""base_cognitive.impulse_override"": 0.08910626726893368, ""base_cognitive.plan_consistency"": 0.7925477611344012, ""base_cognitive.recency_decay"": 0.9852746927853973, ""base_cognitive.retention"": 5, ""base_cognitive.social_sensitivity"": 0.33246551457817997, ""base_cognitive.task_initiation_delay"": 0.02242448691075656, ""base_cognitive.vision_r"": 5, ""base_emotional.anger"": 0.12686656453828132, ""base_emotional.anxiety"": 0.12463300056309015, ""base_emotional.excitement"": 0.2961819903188562, ""base_emotional.frustration"": 0.10513415759230253, ""base_emotional.loneliness"": 0.13141861935940297, ""base_emotional.self_esteem"": 0.722714656107093, ""base_emotional.shame"": 0.12151267583242197, ""base_emotional.trust_in_teacher"": 0.7546067148851674}"		
1778044826.626	0	41	0.738982	0.812293	0.629014	0.000000	"{""adhd_hyperactive_impulsive.cognitive.conflict_tendency"": 0.15177592832212927, ""adhd_hyperactive_impulsive.cognitive.impulse_override"": 0.282335344800662, ""adhd_hyperactive_impulsive.cognitive.plan_consistency"": -0.44753073883977906, ""adhd_hyperactive_impulsive.emotional.anger"": 0.13441567038612096, ""adhd_hyperactive_impulsive.emotional.excitement"": 0.20173268394003016, ""adhd_inattentive.cognitive.att_bandwidth"": -3, ""adhd_inattentive.cognitive.plan_consistency"": -0.4336836944936174, ""adhd_inattentive.cognitive.retention"": -2, ""adhd_inattentive.cognitive.task_initiation_delay"": 0.3886225948660652, ""adhd_inattentive.emotional.frustration"": 0.1751219205046894, ""adhd_inattentive.emotional.self_esteem"": -0.2795887645599368, ""adhd_inattentive.emotional.shame"": 0.19106140111615233, ""base_cognitive.att_bandwidth"": 4, ""base_cognitive.conflict_tendency"": 0.07082812116057155, ""base_cognitive.importance_trigger"": 151.8678341382894, ""base_cognitive.impulse_override"": 0.038258191474900075, ""base_cognitive.plan_consistency"": 0.9443620637516037, ""base_cognitive.recency_decay"": 0.981043781318725, ""base_cognitive.retention"": 5, ""base_cognitive.social_sensitivity"": 0.4128583217110466, ""base_cognitive.task_initiation_delay"": 0.05304826886589295, ""base_cognitive.vision_r"": 5, ""base_emotional.anger"": 0.14296889087640663, ""base_emotional.anxiety"": 0.09216977597019546, ""base_emotional.excitement"": 0.2825013276777515, ""base_emotional.frustration"": 0.07361139137676331, ""base_emotional.loneliness"": 0.10154685266461107, ""base_emotional.self_esteem"": 0.7508871758249971, ""base_emotional.shame"": 0.06739648436450596, ""base_emotional.trust_in_teacher"": 0.5888949758511222}"		
1778044827.452	0	42	0.725792	0.805752	0.605852	0.000000	"{""adhd_hyperactive_impulsive.cognitive.conflict_tendency"": 0.22931650204180995, ""adhd_hyperactive_impulsive.cognitive.impulse_override"": 0.25281123048784687, ""adhd_hyperactive_impulsive.cognitive.plan_consistency"": -0.3657675130995175, ""adhd_hyperactive_impulsive.emotional.anger"": 0.19484869089578805, ""adhd_hyperactive_impulsive.emotional.excitement"": 0.18600995213287647, ""adhd_inattentive.cognitive.att_bandwidth"": -1, ""adhd_inattentive.cognitive.plan_consistency"": -0.28332915951602433, ""adhd_inattentive.cognitive.retention"": -2, ""adhd_inattentive.cognitive.task_initiation_delay"": 0.4612400373133528, ""adhd_inattentive.emotional.frustration"": 0.12936981455698052, ""adhd_inattentive.emotional.self_esteem"": -0.34280861553432546, ""adhd_inattentive.emotional.shame"": 0.22926465430338827, ""base_cognitive.att_bandwidth"": 4, ""base_cognitive.conflict_tendency"": 0.0490110581298281, ""base_cognitive.importance_trigger"": 103.17921538230993, ""base_cognitive.impulse_override"": 0.08393924612500053, ""base_cognitive.plan_consistency"": 0.8290526792175258, ""base_cognitive.recency_decay"": 0.9900069883810453, ""base_cognitive.retention"": 6, ""base_cognitive.social_sensitivity"": 0.390425808605531, ""base_cognitive.task_initiation_delay"": 0.0007687085899882873, ""base_cognitive.vision_r"": 4, ""base_emotional.anger"": 0.03092758878831743, ""base_emotional.anxiety"": 0.09265590627191936, ""base_emotional.excitement"": 0.17635422028137634, ""base_emotional.frustration"": 0.07058522078859905, ""base_emotional.loneliness"": 0.11964169481157214, ""base_emotional.self_esteem"": 0.7407342526765328, ""base_emotional.shame"": 0.060662340482575114, ""base_emotional.trust_in_teacher"": 0.6450518614288091}"		
1778044828.210	0	43	0.724170	0.809289	0.596491	0.000000	"{""adhd_hyperactive_impulsive.cognitive.conflict_tendency"": 0.24373350234957256, ""adhd_hyperactive_impulsive.cognitive.impulse_override"": 0.3664342343986503, ""adhd_hyperactive_impulsive.cognitive.plan_consistency"": -0.47978005300852794, ""adhd_hyperactive_impulsive.emotional.anger"": 0.2039075869020433, ""adhd_hyperactive_impulsive.emotional.excitement"": 0.12215347539961582, ""adhd_inattentive.cognitive.att_bandwidth"": -3, ""adhd_inattentive.cognitive.plan_consistency"": -0.2941764262793471, ""adhd_inattentive.cognitive.retention"": -3, ""adhd_inattentive.cognitive.task_initiation_delay"": 0.31527587549460423, ""adhd_inattentive.emotional.frustration"": 0.20231920670586423, ""adhd_inattentive.emotional.self_esteem"": -0.3170363699346269, ""adhd_inattentive.emotional.shame"": 0.17959072311589724, ""base_cognitive.att_bandwidth"": 4, ""base_cognitive.conflict_tendency"": 0.0920649036972171, ""base_cognitive.importance_trigger"": 128.3522614945468, ""base_cognitive.impulse_override"": 0.04546858625202621, ""base_cognitive.plan_consistency"": 0.9432399382066252, ""base_cognitive.recency_decay"": 0.9843427280837863, ""base_cognitive.retention"": 5, ""base_cognitive.social_sensitivity"": 0.43802907056814255, ""base_cognitive.task_initiation_delay"": 0.09476143093267475, ""base_cognitive.vision_r"": 5, ""base_emotional.anger"": 0.082281183232848, ""base_emotional.anxiety"": 0.06376220734142618, ""base_emotional.excitement"": 0.16179706312242897, ""base_emotional.frustration"": 0.10427790368511888, ""base_emotional.loneliness"": 0.07805397795793045, ""base_emotional.self_esteem"": 0.7491609652929206, ""base_emotional.shame"": 0.08240541354818734, ""base_emotional.trust_in_teacher"": 0.7676311040488529}"		
1778044828.891	0	44	0.647038	0.647314	0.646624	0.000000	"{""adhd_hyperactive_impulsive.cognitive.conflict_tendency"": 0.14656117759094664, ""adhd_hyperactive_impulsive.cognitive.impulse_override"": 0.2584258180319617, ""adhd_hyperactive_impulsive.cognitive.plan_consistency"": -0.4485326229420444, ""adhd_hyperactive_impulsive.emotional.anger"": 0.1787488022810887, ""adhd_hyperactive_impulsive.emotional.excitement"": 0.10853350762509287, ""adhd_inattentive.cognitive.att_bandwidth"": -1, ""adhd_inattentive.cognitive.plan_consistency"": -0.4198085197213846, ""adhd_inattentive.cognitive.retention"": -3, ""adhd_inattentive.cognitive.task_initiation_delay"": 0.3136572516991512, ""adhd_inattentive.emotional.frustration"": 0.17748704829871703, ""adhd_inattentive.emotional.self_esteem"": -0.3033054765273529, ""adhd_inattentive.emotional.shame"": 0.14542306527085194, ""base_cognitive.att_bandwidth"": 2, ""base_cognitive.conflict_tendency"": 0.07447053225156497, ""base_cognitive.importance_trigger"": 142.1679289691216, ""base_cognitive.impulse_override"": 0.08899581094668652, ""base_cognitive.plan_consistency"": 0.9020430591093784, ""base_cognitive.recency_decay"": 0.9829590770423597, ""base_cognitive.retention"": 5, ""base_cognitive.social_sensitivity"": 0.531854426774268, ""base_cognitive.task_initiation_delay"": 0.017714612894722915, ""base_cognitive.vision_r"": 3, ""base_emotional.anger"": 0.14089851100627912, ""base_emotional.anxiety"": 0.1083576834093582, ""base_emotional.excitement"": 0.245294747859089, ""base_emotional.frustration"": 0.1631668737870479, ""base_emotional.loneliness"": 0.09773901400833591, ""base_emotional.self_esteem"": 0.7728493749662833, ""base_emotional.shame"": 0.12118525795292981, ""base_emotional.trust_in_teacher"": 0.7061304448604737}"		
1778044829.682	0	45	0.612835	0.623730	0.596491	0.000000	"{""adhd_hyperactive_impulsive.cognitive.conflict_tendency"": 0.19147081094840118, ""adhd_hyperactive_impulsive.cognitive.impulse_override"": 0.39864790339703315, ""adhd_hyperactive_impulsive.cognitive.plan_consistency"": -0.4451862893659651, ""adhd_hyperactive_impulsive.emotional.anger"": 0.16730673475914265, ""adhd_hyperactive_impulsive.emotional.excitement"": 0.23769051836754407, ""adhd_inattentive.cognitive.att_bandwidth"": -3, ""adhd_inattentive.cognitive.plan_consistency"": -0.25352288378132054, ""adhd_inattentive.cognitive.retention"": -3, ""adhd_inattentive.cognitive.task_initiation_delay"": 0.31686582640491273, ""adhd_inattentive.emotional.frustration"": 0.2039965218486835, ""adhd_inattentive.emotional.self_esteem"": -0.22970431026504257, ""adhd_inattentive.emotional.shame"": 0.10587131893010107, ""base_cognitive.att_bandwidth"": 3, ""base_cognitive.conflict_tendency"": 0.10126360175388226, ""base_cognitive.importance_trigger"": 159.87053600192633, ""base_cognitive.impulse_override"": 0.07563610356005596, ""base_cognitive.plan_consistency"": 0.8730016776831147, ""base_cognitive.recency_decay"": 0.9929637505088785, ""base_cognitive.retention"": 6, ""base_cognitive.social_sensitivity"": 0.46629491140149115, ""base_cognitive.task_initiation_delay"": 0.04627116589272723, ""base_cognitive.vision_r"": 3, ""base_emotional.anger"": 0.10822049455783318, ""base_emotional.anxiety"": 0.15527606930073626, ""base_emotional.excitement"": 0.22134435419146042, ""base_emotional.frustration"": 0.18438151483352044, ""base_emotional.loneliness"": 0.0685832115456514, ""base_emotional.self_esteem"": 0.6123747400202201, ""base_emotional.shame"": 0.08396804443810875, ""base_emotional.trust_in_teacher"": 0.5877152691739097}"		
1778044830.423	0	46	0.731475	0.809500	0.614437	0.000000	"{""adhd_hyperactive_impulsive.cognitive.conflict_tendency"": 0.22197771757222015, ""adhd_hyperactive_impulsive.cognitive.impulse_override"": 0.306501895908445, ""adhd_hyperactive_impulsive.cognitive.plan_consistency"": -0.3916676084272913, ""adhd_hyperactive_impulsive.emotional.anger"": 0.20711513199931392, ""adhd_hyperactive_impulsive.emotional.excitement"": 0.22434384593416967, ""adhd_inattentive.cognitive.att_bandwidth"": -2, ""adhd_inattentive.cognitive.plan_consistency"": -0.3103040074376238, ""adhd_inattentive.cognitive.retention"": -2, ""adhd_inattentive.cognitive.task_initiation_delay"": 0.3783915968670721, ""adhd_inattentive.emotional.frustration"": 0.19735535965970472, ""adhd_inattentive.emotional.self_esteem"": -0.2973710791392866, ""adhd_inattentive.emotional.shame"": 0.24070032993486412, ""base_cognitive.att_bandwidth"": 3, ""base_cognitive.conflict_tendency"": 0.0647907784251364, ""base_cognitive.importance_trigger"": 103.66558622752044, ""base_cognitive.impulse_override"": 0.06011844125339438, ""base_cognitive.plan_consistency"": 0.8761773148883959, ""base_cognitive.recency_decay"": 0.9901834658083937, ""base_cognitive.retention"": 5, ""base_cognitive.social_sensitivity"": 0.46738896372552063, ""base_cognitive.task_initiation_delay"": 0.03296907551177288, ""base_cognitive.vision_r"": 4, ""base_emotional.anger"": 0.10232409763927429, ""base_emotional.anxiety"": 0.1753733037250083, ""base_emotional.excitement"": 0.1622252981171826, ""base_emotional.frustration"": 0.087799367744923, ""base_emotional.loneliness"": 0.04804479926827135, ""base_emotional.self_esteem"": 0.783349291011424, ""base_emotional.shame"": 0.13218795119812854, ""base_emotional.trust_in_teacher"": 0.7159030265015147}"		
